timestamp,open (USD),high (USD),low (USD),close (USD),open (USD),high (USD),low (USD),close (USD),volume,market cap (USD)
2021-11-15,65519.11000000,66401.82000000,63400.00000000,63606.74000000,65519.11000000,66401.82000000,63400.00000000,63606.74000000,37829.37124000,37829.37124000
2021-11-13,64122.22000000,65000.00000000,63360.22000000,64380.00000000,64122.22000000,65000.00000000,63360.22000000,64380.00000000,22504.97383000,22504.97383000
2021-11-11,64882.42000000,65600.07000000,64100.00000000,64774.26000000,64882.42000000,65600.07000000,64100.00000000,64774.26000000,37237.98058000,37237.98058000
2021-11-09,67525.82000000,68524.25000000,66222.40000000,66947.66000000,67525.82000000,68524.25000000,66222.40000000,66947.66000000,44661.37806800,44661.37806800
2021-11-07,61470.62000000,63286.35000000,61322.78000000,63273.59000000,61470.62000000,63286.35000000,61322.78000000,63273.59000000,25515.68830000,25515.68830000
2021-11-05,61395.01000000,62595.72000000,60721.00000000,60937.12000000,61395.01000000,62595.72000000,60721.00000000,60937.12000000,31604.48749000,31604.48749000
2021-11-03,63220.57000000,63500.00000000,60382.76000000,62896.48000000,63220.57000000,63500.00000000,60382.76000000,62896.48000000,43336.09049000,43336.09049000
2021-11-01,61299.81000000,62437.74000000,59405.00000000,60911.11000000,61299.81000000,62437.74000000,59405.00000000,60911.11000000,44687.66672000,44687.66672000
2021-10-30,62253.70000000,62359.25000000,60673.00000000,61859.19000000,62253.70000000,62359.25000000,60673.00000000,61859.19000000,31478.12566000,31478.12566000
2021-10-28,58413.44000000,62499.00000000,57820.00000000,60575.89000000,58413.44000000,62499.00000000,57820.00000000,60575.89000000,61056.35301000,61056.35301000
2021-10-26,63078.78000000,63293.48000000,59817.55000000,60328.81000000,63078.78000000,63293.48000000,59817.55000000,60328.81000000,40217.50083000,40217.50083000
2021-10-24,61286.75000000,61500.00000000,59510.63000000,60852.22000000,61286.75000000,61500.00000000,59510.63000000,60852.22000000,31226.57676000,31226.57676000
2021-10-22,62193.15000000,63732.39000000,60000.00000000,60688.22000000,62193.15000000,63732.39000000,60000.00000000,60688.22000000,52119.35886000,52119.35886000
2021-10-20,64280.59000000,67000.00000000,63481.40000000,66001.41000000,64280.59000000,67000.00000000,63481.40000000,66001.41000000,51428.93485600,51428.93485600
2021-10-18,61528.32000000,62695.78000000,59844.45000000,62009.84000000,61528.32000000,62695.78000000,59844.45000000,62009.84000000,51798.44844000,51798.44844000
2021-10-16,61672.42000000,62378.42000000,60150.00000000,60875.57000000,61672.42000000,62378.42000000,60150.00000000,60875.57000000,35467.88096000,35467.88096000
2021-10-14,57370.83000000,58532.54000000,56818.05000000,57347.94000000,57370.83000000,58532.54000000,56818.05000000,57347.94000000,43053.33678100,43053.33678100
2021-10-12,57471.35000000,57680.00000000,53879.00000000,55996.93000000,57471.35000000,57680.00000000,53879.00000000,55996.93000000,53471.28550000,53471.28550000
2021-10-10,54949.72000000,56561.31000000,54080.00000000,54659.00000000,54949.72000000,56561.31000000,54080.00000000,54659.00000000,89237.83612800,89237.83612800
2021-10-08,53785.22000000,56100.00000000,53617.61000000,53951.43000000,53785.22000000,56100.00000000,53617.61000000,53951.43000000,46160.25785000,46160.25785000
2021-10-06,51471.99000000,55750.00000000,50382.41000000,55315.00000000,51471.99000000,55750.00000000,50382.41000000,55315.00000000,79877.54518100,79877.54518100
2021-10-04,48200.01000000,49536.12000000,46891.00000000,49224.94000000,48200.01000000,49536.12000000,46891.00000000,49224.94000000,46796.49372000,46796.49372000
2021-10-02,48141.60000000,48336.59000000,47430.18000000,47634.90000000,48141.60000000,48336.59000000,47430.18000000,47634.90000000,30508.98131000,30508.98131000
2021-09-30,41524.29000000,44141.37000000,41410.17000000,43824.10000000,41524.29000000,44141.37000000,41410.17000000,43824.10000000,46381.22781000,46381.22781000
2021-09-28,42147.35000000,42787.38000000,40888.00000000,41026.54000000,42147.35000000,42787.38000000,40888.00000000,41026.54000000,43372.26240000,43372.26240000
2021-09-26,42670.63000000,43950.00000000,40750.00000000,43160.90000000,42670.63000000,43950.00000000,40750.00000000,43160.90000000,49879.99765000,49879.99765000
2021-09-24,44865.26000000,45200.00000000,40675.00000000,42810.57000000,44865.26000000,45200.00000000,40675.00000000,42810.57000000,84113.42629200,84113.42629200
2021-09-22,40734.09000000,44000.55000000,40565.39000000,43543.61000000,40734.09000000,44000.55000000,40565.39000000,43543.61000000,58349.05542000,58349.05542000
2021-09-20,47241.75000000,47347.25000000,42500.00000000,43015.62000000,47241.75000000,47347.25000000,42500.00000000,43015.62000000,78003.52444300,78003.52444300
2021-09-18,47299.98000000,48843.20000000,47035.56000000,48292.74000000,47299.98000000,48843.20000000,47035.56000000,48292.74000000,30906.47038000,30906.47038000
2021-09-16,48121.40000000,48557.00000000,47021.10000000,47737.82000000,48121.40000000,48557.00000000,47021.10000000,47737.82000000,40725.08895000,40725.08895000
2021-09-14,44940.72000000,47250.00000000,44594.44000000,47111.52000000,44940.72000000,47250.00000000,44594.44000000,47111.52000000,44855.85099000,44855.85099000
2021-09-12,45173.68000000,46460.00000000,44742.06000000,46025.24000000,45173.68000000,46460.00000000,44742.06000000,46025.24000000,32094.28052000,32094.28052000
2021-09-10,46395.14000000,47033.00000000,44132.29000000,44850.91000000,46395.14000000,47033.00000000,44132.29000000,44850.91000000,49048.26618000,49048.26618000
2021-09-08,46868.57000000,47340.99000000,44412.02000000,46048.31000000,46868.57000000,47340.99000000,44412.02000000,46048.31000000,65069.31520000,65069.31520000
2021-09-06,51756.88000000,52780.00000000,50969.33000000,52663.90000000,51756.88000000,52780.00000000,50969.33000000,52663.90000000,49249.66708100,49249.66708100
2021-09-04,49998.00000000,50535.69000000,49370.00000000,49915.64000000,49998.00000000,50535.69000000,49370.00000000,49915.64000000,34664.65959000,34664.65959000
2021-09-02,48810.51000000,50450.13000000,48584.06000000,49246.64000000,48810.51000000,50450.13000000,48584.06000000,49246.64000000,54410.77053800,54410.77053800
2021-08-31,46982.91000000,48246.11000000,46700.00000000,47100.89000000,46982.91000000,48246.11000000,46700.00000000,47100.89000000,48645.52737000,48645.52737000
2021-08-29,48895.35000000,49632.27000000,47762.54000000,48767.83000000,48895.35000000,49632.27000000,47762.54000000,48767.83000000,32652.28347300,32652.28347300
2021-08-27,46843.86000000,49149.93000000,46348.00000000,49069.90000000,46843.86000000,49149.93000000,46348.00000000,49069.90000000,42068.10496500,42068.10496500
2021-08-25,47674.01000000,49264.30000000,47126.28000000,48973.32000000,47674.01000000,49264.30000000,47126.28000000,48973.32000000,44655.83034200,44655.83034200
2021-08-23,49239.22000000,50500.00000000,49029.00000000,49488.85000000,49239.22000000,50500.00000000,49029.00000000,49488.85000000,52462.54195400,52462.54195400
2021-08-21,49322.47000000,49757.04000000,48222.00000000,48821.87000000,49322.47000000,49757.04000000,48222.00000000,48821.87000000,46745.13658400,46745.13658400
2021-08-19,44699.37000000,47033.00000000,43927.70000000,46760.62000000,44699.37000000,47033.00000000,43927.70000000,46760.62000000,53411.75392000,53411.75392000
2021-08-17,45901.30000000,47160.00000000,44376.00000000,44695.95000000,45901.30000000,47160.00000000,44376.00000000,44695.95000000,57039.34162900,57039.34162900
2021-08-15,47068.50000000,47372.27000000,45500.00000000,46973.82000000,47068.50000000,47372.27000000,45500.00000000,46973.82000000,42110.71133400,42110.71133400
2021-08-13,44400.06000000,47886.00000000,44217.39000000,47800.00000000,44400.06000000,47886.00000000,44217.39000000,47800.00000000,48239.37043100,48239.37043100
2021-08-11,45585.00000000,46743.47000000,45341.14000000,45511.00000000,45585.00000000,46743.47000000,45341.14000000,45511.00000000,52734.90197700,52734.90197700
2021-08-09,43794.36000000,46454.15000000,42779.00000000,46253.40000000,43794.36000000,46454.15000000,42779.00000000,46253.40000000,74587.88484500,74587.88484500
2021-08-07,42836.87000000,44700.00000000,42446.41000000,44572.54000000,42836.87000000,44700.00000000,42446.41000000,44572.54000000,73396.74080800,73396.74080800
2021-08-05,39723.17000000,41350.00000000,37332.70000000,40862.46000000,39723.17000000,41350.00000000,37332.70000000,40862.46000000,84343.75562100,84343.75562100
2021-08-03,39146.86000000,39780.00000000,37642.03000000,38207.05000000,39146.86000000,39780.00000000,37642.03000000,38207.05000000,57117.43585300,57117.43585300
2021-08-01,41461.84000000,42599.00000000,39422.01000000,39845.44000000,41461.84000000,42599.00000000,39422.01000000,39845.44000000,53953.18632600,53953.18632600
2021-07-30,40018.49000000,42316.71000000,38313.23000000,42206.37000000,40018.49000000,42316.71000000,38313.23000000,42206.37000000,73602.78480500,73602.78480500
2021-07-28,39456.61000000,40900.00000000,38772.00000000,40019.56000000,39456.61000000,40900.00000000,38772.00000000,40019.56000000,101344.52844100,101344.52844100
2021-07-26,35381.02000000,40550.00000000,35205.78000000,37237.60000000,35381.02000000,40550.00000000,35205.78000000,37237.60000000,152452.51272400,152452.51272400
2021-07-24,33634.10000000,34500.00000000,33401.14000000,34258.14000000,33634.10000000,34500.00000000,33401.14000000,34258.14000000,47977.55013800,47977.55013800
2021-07-22,32144.51000000,32591.35000000,31708.00000000,32287.83000000,32144.51000000,32591.35000000,31708.00000000,32287.83000000,46148.09243300,46148.09243300
2021-07-20,30839.65000000,31063.07000000,29278.00000000,29790.35000000,30839.65000000,31063.07000000,29278.00000000,29790.35000000,61034.04901700,61034.04901700
2021-07-18,31520.07000000,32435.00000000,31108.97000000,31778.56000000,31520.07000000,32435.00000000,31108.97000000,31778.56000000,35923.71618600,35923.71618600
2021-07-16,31874.49000000,32249.18000000,31020.00000000,31383.87000000,31874.49000000,32249.18000000,31020.00000000,31383.87000000,48499.86415400,48499.86415400
2021-07-14,32729.12000000,33114.03000000,31550.00000000,32820.02000000,32729.12000000,33114.03000000,31550.00000000,32820.02000000,46777.82348400,46777.82348400
2021-07-12,34259.00000000,34678.43000000,32658.34000000,33086.63000000,34259.00000000,34678.43000000,32658.34000000,33086.63000000,48181.40376200,48181.40376200
2021-07-10,33815.81000000,34262.00000000,33004.78000000,33502.87000000,33815.81000000,34262.00000000,33004.78000000,33502.87000000,34761.17546800,34761.17546800
2021-07-08,33862.11000000,33929.64000000,32077.00000000,32875.71000000,33862.11000000,33929.64000000,32077.00000000,32875.71000000,70136.48032000,70136.48032000
2021-07-06,33690.15000000,35118.88000000,33532.00000000,34220.01000000,33690.15000000,35118.88000000,33532.00000000,34220.01000000,58210.59634900,58210.59634900
2021-07-04,34669.12000000,35967.85000000,34357.15000000,35286.51000000,34669.12000000,35967.85000000,34357.15000000,35286.51000000,43703.47578900,43703.47578900
2021-07-02,33502.33000000,33977.04000000,32699.00000000,33786.55000000,33502.33000000,33977.04000000,32699.00000000,33786.55000000,56172.18137800,56172.18137800
2021-06-30,35911.72000000,36100.00000000,34017.55000000,35045.00000000,35911.72000000,36100.00000000,34017.55000000,35045.00000000,77152.19763400,77152.19763400
2021-06-28,34702.49000000,35297.71000000,33862.72000000,34494.89000000,34702.49000000,35297.71000000,33862.72000000,34494.89000000,82222.26781900,82222.26781900
2021-06-26,31576.09000000,32730.00000000,30151.00000000,32283.65000000,31576.09000000,32730.00000000,30151.00000000,32283.65000000,107820.37528700,107820.37528700
2021-06-24,33675.07000000,35298.00000000,32286.57000000,34663.09000000,33675.07000000,35298.00000000,32286.57000000,34663.09000000,86625.80426000,86625.80426000
2021-06-22,31614.12000000,33298.78000000,28805.00000000,32509.56000000,31614.12000000,33298.78000000,28805.00000000,32509.56000000,204208.17976200,204208.17976200
2021-06-20,35483.72000000,36137.72000000,33336.00000000,35600.16000000,35483.72000000,36137.72000000,33336.00000000,35600.16000000,89878.17085000,89878.17085000
2021-06-18,38092.97000000,38202.84000000,35129.29000000,35819.84000000,38092.97000000,38202.84000000,35129.29000000,35819.84000000,95228.04293500,95228.04293500
2021-06-16,40143.80000000,40527.14000000,38116.01000000,38349.01000000,40143.80000000,40527.14000000,38116.01000000,38349.01000000,87771.97693700,87771.97693700
2021-06-14,39020.56000000,41064.05000000,38730.00000000,40516.29000000,39020.56000000,41064.05000000,38730.00000000,40516.29000000,108522.39194900,108522.39194900
2021-06-12,37331.98000000,37463.63000000,34600.36000000,35546.11000000,37331.98000000,37463.63000000,34600.36000000,35546.11000000,87717.54999000,87717.54999000
2021-06-10,37388.05000000,38491.00000000,35782.00000000,36675.72000000,37388.05000000,38491.00000000,35782.00000000,36675.72000000,109527.28494300,109527.28494300
2021-06-08,33556.96000000,34068.01000000,31000.00000000,33380.81000000,33556.96000000,34068.01000000,31000.00000000,33380.81000000,123251.18903700,123251.18903700
2021-06-06,35516.07000000,36480.00000000,35222.00000000,35796.31000000,35516.07000000,36480.00000000,35222.00000000,35796.31000000,47650.20663700,47650.20663700
2021-06-04,39246.78000000,39289.07000000,35555.15000000,36829.00000000,39246.78000000,39289.07000000,35555.15000000,36829.00000000,91317.79924500,91317.79924500
2021-06-02,36694.85000000,38225.00000000,35920.00000000,37568.68000000,36694.85000000,38225.00000000,35920.00000000,37568.68000000,67587.37249500,67587.37249500
2021-05-31,35641.26000000,37499.00000000,34153.84000000,37253.81000000,35641.26000000,37499.00000000,34153.84000000,37253.81000000,94160.73528900,94160.73528900
2021-05-29,35661.79000000,37338.58000000,33632.76000000,34605.15000000,35661.79000000,37338.58000000,33632.76000000,34605.15000000,112663.09268900,112663.09268900
2021-05-27,39241.92000000,40411.14000000,37134.27000000,38529.98000000,39241.92000000,40411.14000000,37134.27000000,38529.98000000,86547.15879400,86547.15879400
2021-05-25,38810.99000000,39791.77000000,36419.62000000,38324.72000000,38810.99000000,39791.77000000,36419.62000000,38324.72000000,111996.22840400,111996.22840400
2021-05-23,37458.51000000,38270.64000000,31111.01000000,34655.25000000,37458.51000000,38270.64000000,31111.01000000,34655.25000000,217136.04659300,217136.04659300
2021-05-21,40525.39000000,42200.00000000,33488.00000000,37252.01000000,40525.39000000,42200.00000000,33488.00000000,37252.01000000,202100.88825800,202100.88825800
2021-05-19,42849.78000000,43584.90000000,30000.00000000,36690.09000000,42849.78000000,43584.90000000,30000.00000000,36690.09000000,354347.24316100,354347.24316100
2021-05-17,46426.83000000,46686.00000000,42001.00000000,43538.04000000,46426.83000000,46686.00000000,42001.00000000,43538.04000000,166657.17273600,166657.17273600
2021-05-15,49844.16000000,50700.00000000,46555.00000000,46762.99000000,49844.16000000,50700.00000000,46555.00000000,46762.99000000,89437.44935900,89437.44935900
2021-05-13,49537.15000000,51367.19000000,46000.00000000,49670.97000000,49537.15000000,51367.19000000,46000.00000000,49670.97000000,147332.00212100,147332.00212100
2021-05-11,55816.14000000,56862.43000000,54370.00000000,56670.02000000,55816.14000000,56862.43000000,54370.00000000,56670.02000000,64329.54055000,64329.54055000
2021-05-09,58866.53000000,59300.00000000,56235.66000000,58240.84000000,58866.53000000,59300.00000000,56235.66000000,58240.84000000,69806.11991000,69806.11991000
2021-05-07,56393.68000000,58650.00000000,55241.63000000,57314.75000000,56393.68000000,58650.00000000,55241.63000000,57314.75000000,74542.74782900,74542.74782900
2021-05-05,53205.05000000,58069.82000000,52900.00000000,57436.11000000,53205.05000000,58069.82000000,52900.00000000,57436.11000000,77263.92343900,77263.92343900
2021-05-03,56578.21000000,58981.44000000,56435.00000000,57169.39000000,56578.21000000,58981.44000000,56435.00000000,57169.39000000,57649.93128600,57649.93128600
2021-05-01,57697.25000000,58458.07000000,56956.14000000,57800.37000000,57697.25000000,58458.07000000,56956.14000000,57800.37000000,42600.35183600,42600.35183600
2021-04-29,54846.23000000,55195.84000000,52330.94000000,53555.00000000,54846.23000000,55195.84000000,52330.94000000,53555.00000000,52486.01945500,52486.01945500
2021-04-27,54001.38000000,55460.00000000,53222.00000000,55011.97000000,54001.38000000,55460.00000000,53222.00000000,55011.97000000,54064.03467500,54064.03467500
2021-04-25,50047.84000000,50567.91000000,46930.00000000,49066.77000000,50047.84000000,50567.91000000,46930.00000000,49066.77000000,58255.64500400,58255.64500400
2021-04-23,51690.95000000,52131.85000000,47500.00000000,51125.14000000,51690.95000000,52131.85000000,47500.00000000,51125.14000000,132230.78071900,132230.78071900
2021-04-21,56425.00000000,56757.91000000,53536.02000000,53787.63000000,56425.00000000,56757.91000000,53536.02000000,53787.63000000,66984.75690900,66984.75690900
2021-04-19,56150.01000000,57526.81000000,54221.58000000,55633.14000000,56150.01000000,57526.81000000,54221.58000000,55633.14000000,78229.04226700,78229.04226700
2021-04-17,61334.81000000,62506.05000000,59580.91000000,60006.66000000,61334.81000000,62506.05000000,59580.91000000,60006.66000000,58912.25612800,58912.25612800
2021-04-15,62959.53000000,63800.00000000,62020.00000000,63159.98000000,62959.53000000,63800.00000000,62020.00000000,63159.98000000,51649.70034000,51649.70034000
2021-04-13,59860.01000000,63777.77000000,59805.15000000,63575.00000000,59860.01000000,63777.77000000,59805.15000000,63575.00000000,82848.68874600,82848.68874600
2021-04-11,59769.13000000,60699.00000000,59232.52000000,60002.43000000,59769.13000000,60699.00000000,59232.52000000,60002.43000000,41156.71539100,41156.71539100
2021-04-09,58077.52000000,58894.90000000,57654.00000000,58142.54000000,58077.52000000,58894.90000000,57654.00000000,58142.54000000,40831.88491100,40831.88491100
2021-04-07,57990.03000000,58655.00000000,55473.00000000,55953.45000000,57990.03000000,58655.00000000,55473.00000000,55953.45000000,71228.40565900,71228.40565900
2021-04-05,58202.01000000,59272.00000000,56777.77000000,59129.99000000,58202.01000000,59272.00000000,56777.77000000,59129.99000000,54258.01579000,54258.01579000
2021-04-03,58950.01000000,59791.72000000,56880.00000000,57051.94000000,58950.01000000,59791.72000000,56880.00000000,57051.94000000,47409.85211300,47409.85211300
2021-04-01,58739.46000000,59490.00000000,57935.45000000,58720.44000000,58739.46000000,59490.00000000,57935.45000000,58720.44000000,47415.61722000,47415.61722000
2021-03-30,57635.46000000,59368.00000000,57071.35000000,58746.57000000,57635.46000000,59368.00000000,57071.35000000,58746.57000000,55122.44312200,55122.44312200
2021-03-28,55817.14000000,56559.75000000,54691.84000000,55777.63000000,55817.14000000,56559.75000000,54691.84000000,55777.63000000,39050.38751100,39050.38751100
2021-03-26,51293.78000000,55073.46000000,51214.60000000,55025.59000000,51293.78000000,55073.46000000,51214.60000000,55025.59000000,63813.77469200,63813.77469200
2021-03-24,54342.80000000,57200.00000000,51700.00000000,52303.65000000,54342.80000000,57200.00000000,51700.00000000,52303.65000000,83537.46502100,83537.46502100
2021-03-22,57351.56000000,58430.73000000,53650.00000000,54083.25000000,57351.56000000,58430.73000000,53650.00000000,54083.25000000,62581.62616900,62581.62616900
2021-03-20,58030.01000000,59880.00000000,57820.17000000,58102.28000000,58030.01000000,59880.00000000,57820.17000000,58102.28000000,44476.94177600,44476.94177600
2021-03-18,58912.97000000,60129.97000000,57023.00000000,57648.16000000,58912.97000000,60129.97000000,57023.00000000,57648.16000000,66580.40667500,66580.40667500
2021-03-16,55605.20000000,56938.29000000,53271.34000000,56900.75000000,55605.20000000,56938.29000000,53271.34000000,56900.75000000,77986.69435500,77986.69435500
2021-03-14,61188.38000000,61724.79000000,58966.78000000,58968.31000000,61188.38000000,61724.79000000,58966.78000000,58968.31000000,52601.05275000,52601.05275000
2021-03-12,57773.15000000,58081.51000000,54962.84000000,57221.72000000,57773.15000000,58081.51000000,54962.84000000,57221.72000000,73405.40604700,73405.40604700
2021-03-10,54874.67000000,57387.69000000,53005.00000000,55851.59000000,54874.67000000,57387.69000000,53005.00000000,55851.59000000,84749.23894300,84749.23894300
2021-03-08,50959.11000000,52402.78000000,49274.67000000,52375.17000000,50959.11000000,52402.78000000,49274.67000000,52375.17000000,66987.35966400,66987.35966400
2021-03-06,48746.81000000,49200.00000000,47070.00000000,48882.20000000,48746.81000000,49200.00000000,47070.00000000,48882.20000000,44399.23424200,44399.23424200
2021-03-04,50349.37000000,51773.88000000,47500.00000000,48374.09000000,50349.37000000,51773.88000000,47500.00000000,48374.09000000,82649.71682900,82649.71682900
2021-03-02,49595.76000000,50200.00000000,47047.60000000,48440.65000000,49595.76000000,50200.00000000,47047.60000000,48440.65000000,64221.06214000,64221.06214000
2021-02-28,46103.67000000,46638.46000000,43000.00000000,45135.66000000,46103.67000000,46638.46000000,43000.00000000,45135.66000000,83055.36904200,83055.36904200
2021-02-26,47073.73000000,48424.11000000,44106.78000000,46276.87000000,47073.73000000,48424.11000000,44106.78000000,46276.87000000,109423.20066300,109423.20066300
2021-02-24,48891.00000000,51374.99000000,46988.69000000,49676.20000000,48891.00000000,51374.99000000,46988.69000000,49676.20000000,91881.20925200,91881.20925200
2021-02-22,57412.35000000,57508.47000000,47622.00000000,54087.67000000,57412.35000000,57508.47000000,47622.00000000,54087.67000000,134019.43494400,134019.43494400
2021-02-20,55906.00000000,57700.46000000,53863.93000000,55841.19000000,55906.00000000,57700.46000000,53863.93000000,55841.19000000,80948.20531400,80948.20531400
2021-02-18,52117.67000000,52530.00000000,50901.90000000,51552.60000000,52117.67000000,52530.00000000,50901.90000000,51552.60000000,60758.04695400,60758.04695400
2021-02-16,47911.10000000,50689.18000000,47003.62000000,49133.45000000,47911.10000000,50689.18000000,47003.62000000,49133.45000000,88813.26629800,88813.26629800
2021-02-14,47156.78000000,49707.43000000,47014.17000000,48577.79000000,47156.78000000,49707.43000000,47014.17000000,48577.79000000,73735.47553300,73735.47553300
2021-02-12,47968.66000000,48985.80000000,46125.00000000,47287.60000000,47968.66000000,48985.80000000,46125.00000000,47287.60000000,85870.03569700,85870.03569700
2021-02-10,46420.42000000,47310.00000000,43727.00000000,44807.58000000,46420.42000000,47310.00000000,43727.00000000,44807.58000000,97154.18220000,97154.18220000
2021-02-08,38795.69000000,46794.45000000,37988.89000000,46374.87000000,38795.69000000,46794.45000000,37988.89000000,46374.87000000,138597.53691400,138597.53691400
2021-02-06,38289.32000000,40955.51000000,38215.94000000,39186.94000000,38289.32000000,40955.51000000,38215.94000000,39186.94000000,98757.31118300,98757.31118300
2021-02-04,37620.26000000,38708.27000000,36161.95000000,36936.66000000,37620.26000000,38708.27000000,36161.95000000,36936.66000000,92080.73589800,92080.73589800
2021-02-02,33517.09000000,35984.33000000,33418.00000000,35466.24000000,33517.09000000,35984.33000000,33418.00000000,35466.24000000,78056.65988000,78056.65988000
2021-01-31,34262.89000000,34342.69000000,32171.67000000,33092.98000000,34262.89000000,34342.69000000,32171.67000000,33092.98000000,68742.28038400,68742.28038400
2021-01-29,33368.18000000,38531.90000000,31915.40000000,34252.20000000,33368.18000000,38531.90000000,31915.40000000,34252.20000000,231827.00562600,231827.00562600
2021-01-27,32464.01000000,32557.29000000,29241.72000000,30366.15000000,32464.01000000,32557.29000000,29241.72000000,30366.15000000,95911.96171100,95911.96171100
2021-01-25,32259.45000000,34875.00000000,31910.00000000,32254.20000000,32259.45000000,34875.00000000,31910.00000000,32254.20000000,88499.22692100,88499.22692100
2021-01-23,32950.00000000,33456.00000000,31390.16000000,32078.00000000,32950.00000000,33456.00000000,31390.16000000,32078.00000000,64595.28767500,64595.28767500
2021-01-21,35468.23000000,35600.00000000,30071.00000000,30850.13000000,35468.23000000,35600.00000000,30071.00000000,30850.13000000,131803.18292600,131803.18292600
2021-01-19,36622.46000000,37850.00000000,35844.06000000,35891.49000000,36622.46000000,37850.00000000,35844.06000000,35891.49000000,79611.30776900,79611.30776900
2021-01-17,35994.98000000,36852.50000000,33850.00000000,35828.61000000,35994.98000000,36852.50000000,33850.00000000,35828.61000000,80157.72738400,80157.72738400
2021-01-15,39145.21000000,39747.76000000,34408.00000000,36742.22000000,39145.21000000,39747.76000000,34408.00000000,36742.22000000,118300.92091600,118300.92091600
2021-01-13,34049.15000000,37850.00000000,32380.00000000,37371.38000000,34049.15000000,37850.00000000,32380.00000000,37371.38000000,124477.91493800,124477.91493800
2021-01-11,38150.02000000,38264.74000000,30420.00000000,35404.47000000,38150.02000000,38264.74000000,30420.00000000,35404.47000000,249131.53994300,249131.53994300
2021-01-09,40586.96000000,41380.00000000,38720.00000000,40088.22000000,40586.96000000,41380.00000000,38720.00000000,40088.22000000,75785.97967500,75785.97967500
2021-01-07,36769.36000000,40365.00000000,36300.00000000,39432.28000000,36769.36000000,40365.00000000,36300.00000000,39432.28000000,132825.70043700,132825.70043700
2021-01-05,31989.75000000,34360.00000000,29900.00000000,33949.53000000,31989.75000000,34360.00000000,29900.00000000,33949.53000000,116049.99703800,116049.99703800
2021-01-03,32176.45000000,34778.11000000,31962.99000000,33000.05000000,32176.45000000,34778.11000000,31962.99000000,33000.05000000,120957.56675000,120957.56675000
2021-01-01,28923.63000000,29600.00000000,28624.57000000,29331.69000000,28923.63000000,29600.00000000,28624.57000000,29331.69000000,54182.92501100,54182.92501100
2020-12-30,27385.00000000,28996.00000000,27320.00000000,28875.54000000,27385.00000000,28996.00000000,27320.00000000,28875.54000000,95356.05782600,95356.05782600
2020-12-28,26281.54000000,27500.00000000,26101.00000000,27079.41000000,26281.54000000,27500.00000000,26101.00000000,27079.41000000,79721.74249600,79721.74249600
2020-12-26,24712.47000000,26867.03000000,24500.00000000,26493.39000000,24712.47000000,26867.03000000,24500.00000000,26493.39000000,97806.51338600,97806.51338600
2020-12-24,23232.39000000,23794.43000000,22703.42000000,23729.20000000,23232.39000000,23794.43000000,22703.42000000,23729.20000000,69013.83425200,69013.83425200
2020-12-22,22719.88000000,23837.10000000,22353.40000000,23810.79000000,22719.88000000,23837.10000000,22353.40000000,23810.79000000,87033.12616000,87033.12616000
2020-12-20,23821.60000000,24295.00000000,23060.00000000,23455.52000000,23821.60000000,24295.00000000,23060.00000000,23455.52000000,76690.14568500,76690.14568500
2020-12-18,22797.15000000,23285.18000000,22350.00000000,23107.39000000,22797.15000000,23285.18000000,22350.00000000,23107.39000000,79646.13431500,79646.13431500
2020-12-16,19426.43000000,21560.00000000,19278.60000000,21335.52000000,19426.43000000,21560.00000000,19278.60000000,21335.52000000,114306.33557000,114306.33557000
2020-12-14,19174.99000000,19349.00000000,19000.00000000,19273.14000000,19174.99000000,19349.00000000,19000.00000000,19273.14000000,47257.20129400,47257.20129400
2020-12-12,18036.53000000,18948.66000000,18020.70000000,18808.69000000,18036.53000000,18948.66000000,18020.70000000,18808.69000000,49519.97843200,49519.97843200
2020-12-10,18541.29000000,18557.32000000,17911.12000000,18254.63000000,18541.29000000,18557.32000000,17911.12000000,18254.63000000,52890.67509400,52890.67509400
2020-12-08,19166.90000000,19294.84000000,18200.00000000,18324.11000000,19166.90000000,19294.84000000,18200.00000000,18324.11000000,61626.94761400,61626.94761400
2020-12-06,19147.66000000,19420.00000000,18857.00000000,19359.40000000,19147.66000000,19420.00000000,18857.00000000,19359.40000000,37043.09186100,37043.09186100
2020-12-04,19422.34000000,19527.00000000,18565.31000000,18650.52000000,19422.34000000,19527.00000000,18565.31000000,18650.52000000,71283.66820000,71283.66820000
2020-12-02,18764.96000000,19342.00000000,18330.00000000,19204.09000000,18764.96000000,19342.00000000,18330.00000000,19204.09000000,75911.01347800,75911.01347800
2020-11-30,18185.00000000,19863.16000000,18184.99000000,19695.87000000,18185.00000000,19863.16000000,18184.99000000,19695.87000000,115463.46688800,115463.46688800
2020-11-28,17139.53000000,17880.49000000,16865.56000000,17719.85000000,17139.53000000,17880.49000000,16865.56000000,17719.85000000,64910.69997000,64910.69997000
2020-11-26,18718.83000000,18915.03000000,16188.00000000,17149.47000000,18718.83000000,18915.03000000,16188.00000000,17149.47000000,181005.24669300,181005.24669300
2020-11-24,18368.01000000,19418.97000000,18018.00000000,19160.01000000,18368.01000000,19418.97000000,18018.00000000,19160.01000000,113581.50924100,113581.50924100
2020-11-22,18703.80000000,18750.00000000,17610.86000000,18414.43000000,18703.80000000,18750.00000000,17610.86000000,18414.43000000,81645.73777800,81645.73777800
2020-11-20,17802.81000000,18815.22000000,17740.04000000,18655.67000000,17802.81000000,18815.22000000,17740.04000000,18655.67000000,88423.01848900,88423.01848900
2020-11-18,17659.38000000,18476.93000000,17214.45000000,17776.12000000,17659.38000000,18476.93000000,17214.45000000,17776.12000000,149019.78813400,149019.78813400
2020-11-16,15957.00000000,16880.00000000,15864.00000000,16713.57000000,15957.00000000,16880.00000000,15864.00000000,16713.57000000,81300.67592400,81300.67592400
2020-11-14,16320.04000000,16326.99000000,15670.00000000,16070.45000000,16320.04000000,16326.99000000,15670.00000000,16070.45000000,59116.34717900,59116.34717900
2020-11-12,15684.25000000,16340.70000000,15440.64000000,16291.86000000,15684.25000000,16340.70000000,15440.64000000,16291.86000000,102196.35659200,102196.35659200
2020-11-10,15328.41000000,15460.00000000,15072.46000000,15297.21000000,15328.41000000,15460.00000000,15072.46000000,15297.21000000,61681.91960600,61681.91960600
2020-11-08,14818.30000000,15650.00000000,14703.88000000,15475.10000000,14818.30000000,15650.00000000,14703.88000000,15475.10000000,65547.17857400,65547.17857400
2020-11-06,15590.02000000,15960.00000000,15166.00000000,15579.92000000,15590.02000000,15960.00000000,15166.00000000,15579.92000000,122618.19769500,122618.19769500
2020-11-04,14023.53000000,14259.00000000,13525.00000000,14144.01000000,14023.53000000,14259.00000000,13525.00000000,14144.01000000,93016.98826200,93016.98826200
2020-11-02,13761.49000000,13830.00000000,13195.05000000,13549.37000000,13761.49000000,13830.00000000,13195.05000000,13549.37000000,64566.42190800,64566.42190800
2020-10-31,13560.10000000,14100.00000000,13411.50000000,13791.00000000,13560.10000000,14100.00000000,13411.50000000,13791.00000000,67339.23851500,67339.23851500
2020-10-29,13266.40000000,13642.91000000,12920.77000000,13455.70000000,13266.40000000,13642.91000000,12920.77000000,13455.70000000,74872.60213200,74872.60213200
2020-10-27,13052.15000000,13789.29000000,13019.87000000,13636.17000000,13052.15000000,13789.29000000,13019.87000000,13636.17000000,80796.55399600,80796.55399600
2020-10-25,13111.73000000,13350.00000000,12888.00000000,13028.83000000,13111.73000000,13350.00000000,12888.00000000,13028.83000000,38481.57950400,38481.57950400
2020-10-23,12968.84000000,13027.69000000,12720.08000000,12923.07000000,12968.84000000,13027.69000000,12720.08000000,12923.07000000,50386.99984100,50386.99984100
2020-10-21,11910.00000000,13217.68000000,11886.95000000,12780.96000000,11910.00000000,13217.68000000,11886.95000000,12780.96000000,114584.45676700,114584.45676700
2020-10-19,11503.14000000,11823.99000000,11407.96000000,11751.47000000,11503.14000000,11823.99000000,11407.96000000,11751.47000000,47414.53469200,47414.53469200
2020-10-17,11319.24000000,11402.42000000,11255.00000000,11360.20000000,11319.24000000,11402.42000000,11255.00000000,11360.20000000,22368.91524100,22368.91524100
2020-10-15,11417.89000000,11617.34000000,11250.83000000,11505.12000000,11417.89000000,11617.34000000,11250.83000000,11505.12000000,48760.71767900,48760.71767900
2020-10-13,11528.24000000,11557.00000000,11300.00000000,11420.56000000,11528.24000000,11557.00000000,11300.00000000,11420.56000000,42205.28370900,42205.28370900
2020-10-11,11293.22000000,11445.00000000,11221.00000000,11369.02000000,11293.22000000,11445.00000000,11221.00000000,11369.02000000,29043.85133900,29043.85133900
2020-10-09,10925.44000000,11104.64000000,10829.00000000,11050.64000000,10925.44000000,11104.64000000,10829.00000000,11050.64000000,48240.07323700,48240.07323700
2020-10-07,10599.65000000,10681.87000000,10546.17000000,10666.39000000,10599.65000000,10681.87000000,10546.17000000,10666.39000000,32811.99027900,32811.99027900
2020-10-05,10666.62000000,10798.00000000,10615.64000000,10792.21000000,10666.62000000,10798.00000000,10615.64000000,10792.21000000,34025.76165300,34025.76165300
2020-10-03,10570.40000000,10603.56000000,10496.46000000,10542.06000000,10570.40000000,10603.56000000,10496.46000000,10542.06000000,22298.22134100,22298.22134100
2020-10-01,10776.59000000,10920.00000000,10437.00000000,10619.13000000,10776.59000000,10920.00000000,10437.00000000,10619.13000000,60866.33289300,60866.33289300
2020-09-29,10696.11000000,10867.54000000,10635.87000000,10840.48000000,10696.11000000,10867.54000000,10635.87000000,10840.48000000,41874.89839900,41874.89839900
2020-09-27,10728.59000000,10799.00000000,10594.82000000,10774.25000000,10728.59000000,10799.00000000,10594.82000000,10774.25000000,30549.48325300,30549.48325300
2020-09-25,10736.33000000,10760.53000000,10556.24000000,10686.67000000,10736.33000000,10760.53000000,10556.24000000,10686.67000000,48101.11700800,48101.11700800
2020-09-23,10529.61000000,10537.15000000,10136.82000000,10241.46000000,10529.61000000,10537.15000000,10136.82000000,10241.46000000,51876.56807900,51876.56807900
2020-09-21,10920.28000000,10988.86000000,10296.35000000,10417.22000000,10920.28000000,10988.86000000,10296.35000000,10417.22000000,70683.43117900,70683.43117900
2020-09-19,10933.40000000,11179.79000000,10887.37000000,11080.65000000,10933.40000000,11179.79000000,10887.37000000,11080.65000000,38440.03685800,38440.03685800
2020-09-17,10954.01000000,11045.46000000,10745.83000000,10939.99000000,10954.01000000,11045.46000000,10745.83000000,10939.99000000,55601.61452900,55601.61452900
2020-09-15,10671.77000000,10930.04000000,10606.48000000,10785.31000000,10671.77000000,10930.04000000,10606.48000000,10785.31000000,61822.45278600,61822.45278600
2020-09-13,10440.67000000,10580.11000000,10200.00000000,10332.83000000,10440.67000000,10580.11000000,10200.00000000,10332.83000000,43837.60986500,43837.60986500
2020-09-11,10336.86000000,10397.60000000,10200.00000000,10387.89000000,10336.86000000,10397.60000000,10200.00000000,10387.89000000,43830.25446700,43830.25446700
2020-09-09,10126.66000000,10343.00000000,9981.01000000,10219.20000000,10126.66000000,10343.00000000,9981.01000000,10219.20000000,49347.11377600,49347.11377600
2020-09-07,10255.89000000,10410.75000000,9875.00000000,10373.44000000,10255.89000000,10410.75000000,9875.00000000,10373.44000000,62620.23067600,62620.23067600
2020-09-05,10446.25000000,10565.68000000,9825.00000000,10166.69000000,10446.25000000,10565.68000000,9825.00000000,10166.69000000,90001.60556800,90001.60556800
2020-09-03,11388.54000000,11462.60000000,9960.80000000,10140.85000000,11388.54000000,11462.60000000,9960.80000000,10140.85000000,121950.10601500,121950.10601500
2020-09-01,11649.51000000,12050.85000000,11515.00000000,11921.97000000,11649.51000000,12050.85000000,11515.00000000,11921.97000000,78148.19366800,78148.19366800
2020-08-30,11465.84000000,11719.00000000,11458.00000000,11711.16000000,11465.84000000,11719.00000000,11458.00000000,11711.16000000,43177.87905400,43177.87905400
2020-08-28,11330.38000000,11542.65000000,11276.89000000,11526.91000000,11330.38000000,11542.65000000,11276.89000000,11526.91000000,45953.90836500,45953.90836500
2020-08-26,11318.42000000,11539.32000000,11244.00000000,11461.43000000,11318.42000000,11539.32000000,11244.00000000,11461.43000000,53998.23123100,53998.23123100
2020-08-24,11648.12000000,11824.90000000,11585.09000000,11748.20000000,11648.12000000,11824.90000000,11585.09000000,11748.20000000,46212.39186700,46212.39186700
2020-08-22,11531.23000000,11686.00000000,11376.81000000,11662.96000000,11531.23000000,11686.00000000,11376.81000000,11662.96000000,43678.70164600,43678.70164600
2020-08-20,11754.38000000,11888.00000000,11668.00000000,11853.55000000,11754.38000000,11888.00000000,11668.00000000,11853.55000000,46085.25435100,46085.25435100
2020-08-18,12281.15000000,12387.77000000,11817.93000000,11945.01000000,12281.15000000,12387.77000000,11817.93000000,11945.01000000,75923.83552700,75923.83552700
2020-08-16,11852.40000000,11931.72000000,11686.00000000,11911.00000000,11852.40000000,11931.72000000,11686.00000000,11911.00000000,41368.23690600,41368.23690600
2020-08-14,11779.77000000,11850.00000000,11634.03000000,11760.54000000,11779.77000000,11850.00000000,11634.03000000,11760.54000000,59818.85269700,59818.85269700
2020-08-12,11392.09000000,11617.52000000,11150.00000000,11564.33000000,11392.09000000,11617.52000000,11150.00000000,11564.33000000,64909.61364400,64909.61364400
2020-08-10,11681.69000000,12067.35000000,11450.00000000,11892.92000000,11681.69000000,12067.35000000,11450.00000000,11892.92000000,84952.33788700,84952.33788700
2020-08-08,11594.36000000,11808.27000000,11512.00000000,11761.41000000,11594.36000000,11808.27000000,11512.00000000,11761.41000000,41858.16104000,41858.16104000
2020-08-06,11744.91000000,11900.00000000,11562.50000000,11762.46000000,11744.91000000,11900.00000000,11562.50000000,11762.46000000,63529.08502000,63529.08502000
2020-08-04,11219.68000000,11414.98000000,11000.00000000,11191.97000000,11219.68000000,11414.98000000,11000.00000000,11191.97000000,58629.11370900,58629.11370900
2020-08-02,11801.17000000,12123.46000000,10518.50000000,11071.35000000,11801.17000000,12123.46000000,10518.50000000,11071.35000000,97553.07760400,97553.07760400
2020-07-31,11099.79000000,11444.00000000,10960.00000000,11335.46000000,11099.79000000,11444.00000000,10960.00000000,11335.46000000,70063.66097400,70063.66097400
2020-07-29,10906.27000000,11342.82000000,10812.00000000,11100.53000000,10906.27000000,11342.82000000,10812.00000000,11100.53000000,76838.09423300,76838.09423300
2020-07-27,9931.54000000,11394.86000000,9917.21000000,11029.96000000,9931.54000000,11394.86000000,9917.21000000,11029.96000000,150188.93314400,150188.93314400
2020-07-25,9538.10000000,9732.90000000,9513.00000000,9700.42000000,9538.10000000,9732.90000000,9513.00000000,9700.42000000,40679.54541600,40679.54541600
2020-07-23,9518.16000000,9664.00000000,9440.33000000,9603.27000000,9518.16000000,9664.00000000,9440.33000000,9603.27000000,51856.23350000,51856.23350000
2020-07-21,9160.78000000,9437.73000000,9152.80000000,9390.00000000,9160.78000000,9437.73000000,9152.80000000,9390.00000000,60413.58248600,60413.58248600
2020-07-19,9170.30000000,9232.27000000,9101.35000000,9208.99000000,9170.30000000,9232.27000000,9101.35000000,9208.99000000,26052.01941700,26052.01941700
2020-07-17,9133.72000000,9186.83000000,9089.81000000,9154.32000000,9133.72000000,9186.83000000,9089.81000000,9154.32000000,28054.35874100,28054.35874100
2020-07-15,9255.85000000,9276.49000000,9160.57000000,9197.60000000,9255.85000000,9276.49000000,9160.57000000,9197.60000000,39053.57966500,39053.57966500
2020-07-13,9303.31000000,9343.82000000,9200.89000000,9242.62000000,9303.31000000,9343.82000000,9200.89000000,9242.62000000,42740.06911500,42740.06911500
2020-07-11,9288.34000000,9299.28000000,9178.25000000,9234.03000000,9288.34000000,9299.28000000,9178.25000000,9234.03000000,22561.36600000,22561.36600000
2020-07-09,9436.06000000,9440.79000000,9160.00000000,9232.43000000,9436.06000000,9440.79000000,9160.00000000,9232.43000000,48044.45064500,48044.45064500
2020-07-07,9342.47000000,9379.42000000,9203.00000000,9257.39000000,9342.47000000,9379.42000000,9203.00000000,9257.39000000,34587.33667800,34587.33667800
2020-07-05,9135.00000000,9145.24000000,8893.03000000,9069.41000000,9135.00000000,9145.24000000,8893.03000000,9069.41000000,34073.65362700,34073.65362700
2020-07-03,9086.54000000,9125.00000000,9037.47000000,9058.26000000,9086.54000000,9125.00000000,9037.47000000,9058.26000000,28943.42017700,28943.42017700
2020-07-01,9138.08000000,9292.00000000,9080.10000000,9232.00000000,9138.08000000,9292.00000000,9080.10000000,9232.00000000,38488.52869900,38488.52869900
2020-06-29,9116.16000000,9238.00000000,9024.67000000,9192.56000000,9116.16000000,9238.00000000,9024.67000000,9192.56000000,42120.29326100,42120.29326100
2020-06-27,9162.21000000,9196.24000000,8833.00000000,9012.00000000,9162.21000000,9196.24000000,8833.00000000,9012.00000000,46290.93011300,46290.93011300
2020-06-25,9298.33000000,9340.00000000,9009.69000000,9249.49000000,9298.33000000,9340.00000000,9009.69000000,9249.49000000,55831.61915600,55831.61915600
2020-06-23,9685.69000000,9720.00000000,9577.03000000,9624.89000000,9685.69000000,9720.00000000,9577.03000000,9624.89000000,41031.02938000,41031.02938000
2020-06-21,9358.95000000,9422.00000000,9281.54000000,9294.69000000,9358.95000000,9422.00000000,9281.54000000,9294.69000000,24316.92623400,24316.92623400
2020-06-19,9386.32000000,9438.30000000,9215.79000000,9310.23000000,9386.32000000,9438.30000000,9215.79000000,9310.23000000,45330.98367300,45330.98367300
2020-06-17,9526.97000000,9565.00000000,9236.61000000,9465.14000000,9526.97000000,9565.00000000,9236.61000000,9465.14000000,48046.41115200,48046.41115200
2020-06-15,9342.10000000,9495.00000000,8910.45000000,9426.02000000,9342.10000000,9495.00000000,8910.45000000,9426.02000000,86107.92470700,86107.92470700
2020-06-13,9464.96000000,9494.73000000,9351.00000000,9473.34000000,9464.96000000,9494.73000000,9351.00000000,9473.34000000,27759.78485100,27759.78485100
2020-06-11,9885.22000000,9964.00000000,9113.00000000,9280.40000000,9885.22000000,9964.00000000,9113.00000000,9280.40000000,94418.98473000,94418.98473000
2020-06-09,9782.00000000,9877.00000000,9570.00000000,9772.43000000,9782.00000000,9877.00000000,9570.00000000,9772.43000000,46024.00128900,46024.00128900
2020-06-07,9666.85000000,9802.00000000,9372.46000000,9746.99000000,9666.85000000,9802.00000000,9372.46000000,9746.99000000,57952.84838500,57952.84838500
2020-06-05,9788.14000000,9854.75000000,9581.00000000,9621.16000000,9788.14000000,9854.75000000,9581.00000000,9621.16000000,47788.05005000,47788.05005000
2020-06-03,9518.02000000,9690.00000000,9365.21000000,9666.24000000,9518.02000000,9690.00000000,9365.21000000,9666.24000000,46252.64493900,46252.64493900
2020-06-01,9448.27000000,10380.00000000,9421.67000000,10200.77000000,9448.27000000,10380.00000000,9421.67000000,10200.77000000,76649.12696000,76649.12696000
2020-05-30,9426.60000000,9740.00000000,9331.23000000,9697.72000000,9426.60000000,9740.00000000,9331.23000000,9697.72000000,55665.27254000,55665.27254000
2020-05-28,9204.07000000,9625.47000000,9110.00000000,9575.89000000,9204.07000000,9625.47000000,9110.00000000,9575.89000000,74110.78766200,74110.78766200
2020-05-26,8900.35000000,9017.67000000,8700.00000000,8841.18000000,8900.35000000,9017.67000000,8700.00000000,8841.18000000,58299.77013800,58299.77013800
2020-05-24,9179.01000000,9298.00000000,8700.00000000,8720.34000000,9179.01000000,9298.00000000,8700.00000000,8720.34000000,70379.86645000,70379.86645000
2020-05-22,9067.51000000,9271.00000000,8933.52000000,9170.00000000,9067.51000000,9271.00000000,8933.52000000,9170.00000000,58943.13102400,58943.13102400
2020-05-20,9775.13000000,9842.00000000,9326.00000000,9511.43000000,9775.13000000,9842.00000000,9326.00000000,9511.43000000,74923.73809000,74923.73809000
2020-05-18,9681.11000000,9950.00000000,9464.23000000,9733.93000000,9681.11000000,9950.00000000,9464.23000000,9733.93000000,82006.60358300,82006.60358300
2020-05-16,9315.96000000,9588.00000000,9220.00000000,9381.27000000,9315.96000000,9588.00000000,9220.00000000,9381.27000000,59587.62786200,59587.62786200
2020-05-14,9309.35000000,9939.00000000,9256.76000000,9791.98000000,9309.35000000,9939.00000000,9256.76000000,9791.98000000,129565.37747000,129565.37747000
2020-05-12,8562.04000000,8978.26000000,8528.78000000,8810.79000000,8562.04000000,8978.26000000,8528.78000000,8810.79000000,86522.78006600,86522.78006600
2020-05-10,9539.10000000,9574.83000000,8117.00000000,8722.77000000,9539.10000000,9574.83000000,8117.00000000,8722.77000000,183865.18202800,183865.18202800
2020-05-08,9986.30000000,10035.96000000,9705.00000000,9800.01000000,9986.30000000,10035.96000000,9705.00000000,9800.01000000,100683.79640000,100683.79640000
2020-05-06,9021.36000000,9395.00000000,8906.21000000,9142.92000000,9021.36000000,9395.00000000,8906.21000000,9142.92000000,105925.30242000,105925.30242000
2020-05-04,8894.15000000,8950.00000000,8522.00000000,8871.96000000,8894.15000000,8950.00000000,8522.00000000,8871.96000000,84418.51233100,84418.51233100
2020-05-02,8825.67000000,9010.00000000,8753.00000000,8972.05000000,8825.67000000,9010.00000000,8753.00000000,8972.05000000,59002.08755000,59002.08755000
2020-04-30,8778.58000000,9460.00000000,8401.00000000,8620.00000000,8778.58000000,9460.00000000,8401.00000000,8620.00000000,206277.21412400,206277.21412400
2020-04-28,7773.51000000,7780.00000000,7659.12000000,7738.98000000,7773.51000000,7780.00000000,7659.12000000,7738.98000000,46302.75263800,46302.75263800
2020-04-26,7539.03000000,7700.00000000,7480.00000000,7693.10000000,7539.03000000,7700.00000000,7480.00000000,7693.10000000,50522.61620900,50522.61620900
2020-04-24,7483.96000000,7615.96000000,7388.00000000,7505.00000000,7483.96000000,7615.96000000,7388.00000000,7505.00000000,60182.11993900,60182.11993900
2020-04-22,6841.36000000,7156.38000000,6818.00000000,7125.14000000,6841.36000000,7156.38000000,6818.00000000,7125.14000000,61486.37733400,61486.37733400
2020-04-20,7121.40000000,7220.00000000,6751.00000000,6826.83000000,7121.40000000,7220.00000000,6751.00000000,6826.83000000,90149.49137000,90149.49137000
2020-04-18,7026.78000000,7293.08000000,7014.40000000,7248.60000000,7026.78000000,7293.08000000,7014.40000000,7248.60000000,49488.54281900,49488.54281900
2020-04-16,6621.25000000,7190.00000000,6468.27000000,7101.94000000,6621.25000000,7190.00000000,6468.27000000,7101.94000000,125009.85753900,125009.85753900
2020-04-14,6838.04000000,6978.00000000,6754.28000000,6868.70000000,6838.04000000,6978.00000000,6754.28000000,6868.70000000,69068.62328500,69068.62328500
2020-04-12,6876.84000000,7177.00000000,6780.00000000,6903.79000000,6876.84000000,7177.00000000,6780.00000000,6903.79000000,73868.66650100,73868.66650100
2020-04-10,7283.54000000,7295.75000000,6739.98000000,6858.92000000,7283.54000000,7295.75000000,6739.98000000,6858.92000000,104674.62337500,104674.62337500
2020-04-08,7197.32000000,7420.00000000,7150.00000000,7361.28000000,7197.32000000,7420.00000000,7150.00000000,7361.28000000,76059.14583800,76059.14583800
2020-04-06,6772.78000000,7355.14000000,6765.00000000,7329.90000000,6772.78000000,7355.14000000,6765.00000000,7329.90000000,118052.00083200,118052.00083200
2020-04-04,6732.97000000,6990.41000000,6650.01000000,6856.99000000,6732.97000000,6990.41000000,6650.01000000,6856.99000000,72990.86113900,72990.86113900
2020-04-02,6643.36000000,7198.00000000,6551.00000000,6794.09000000,6643.36000000,7198.00000000,6551.00000000,6794.09000000,149299.90687100,149299.90687100
2020-03-31,6394.45000000,6523.23000000,6321.40000000,6410.44000000,6394.45000000,6523.23000000,6321.40000000,6410.44000000,72337.59525900,72337.59525900
2020-03-29,6236.65000000,6266.00000000,5866.56000000,5881.42000000,6236.65000000,6266.00000000,5866.56000000,5881.42000000,63311.62771400,63311.62771400
2020-03-27,6737.27000000,6842.59000000,6261.00000000,6359.11000000,6737.27000000,6842.59000000,6261.00000000,6359.11000000,82914.96835400,82914.96835400
2020-03-25,6744.69000000,6957.96000000,6450.00000000,6677.43000000,6744.69000000,6957.96000000,6450.00000000,6677.43000000,132155.73498900,132155.73498900
2020-03-23,5816.05000000,6600.00000000,5688.00000000,6467.31000000,5816.05000000,6600.00000000,5688.00000000,6467.31000000,164674.21578500,164674.21578500
2020-03-21,6204.57000000,6456.98000000,5860.02000000,6186.98000000,6204.57000000,6456.98000000,5860.02000000,6186.98000000,128913.66836300,128913.66836300
2020-03-19,5393.26000000,6400.00000000,5252.53000000,6162.37000000,5393.26000000,6400.00000000,5252.53000000,6162.37000000,199020.87343900,199020.87343900
2020-03-17,5028.86000000,5525.00000000,4921.45000000,5312.64000000,5028.86000000,5525.00000000,4921.45000000,5312.64000000,150089.92631800,150089.92631800
2020-03-15,5172.48000000,5940.00000000,5093.10000000,5361.30000000,5172.48000000,5940.00000000,5093.10000000,5361.30000000,139916.14653400,139916.14653400
2020-03-13,4800.01000000,5955.00000000,3782.13000000,5578.60000000,4800.01000000,5955.00000000,3782.13000000,5578.60000000,402201.67376400,402201.67376400
2020-03-11,7894.57000000,7980.00000000,7590.00000000,7934.52000000,7894.57000000,7980.00000000,7590.00000000,7934.52000000,79942.41117200,79942.41117200
2020-03-09,8034.76000000,8179.31000000,7632.01000000,7929.87000000,8034.76000000,8179.31000000,7632.01000000,7929.87000000,116968.86326800,116968.86326800
2020-03-07,9130.89000000,9188.00000000,8835.00000000,8886.66000000,9130.89000000,9188.00000000,8835.00000000,8886.66000000,45422.20452500,45422.20452500
2020-03-05,8750.99000000,9159.42000000,8746.54000000,9054.68000000,8750.99000000,9159.42000000,8746.54000000,9054.68000000,58201.86635500,58201.86635500
2020-03-03,8911.18000000,8919.65000000,8651.00000000,8760.07000000,8911.18000000,8919.65000000,8651.00000000,8760.07000000,55154.99728200,55154.99728200
2020-03-01,8523.61000000,8750.00000000,8411.00000000,8531.88000000,8523.61000000,8750.00000000,8411.00000000,8531.88000000,43892.20177900,43892.20177900
2020-02-28,8823.25000000,8900.00000000,8445.00000000,8692.91000000,8823.25000000,8900.00000000,8445.00000000,8692.91000000,71155.20897700,71155.20897700
2020-02-26,9316.48000000,9377.44000000,8633.63000000,8785.25000000,9316.48000000,9377.44000000,8633.63000000,8785.25000000,92130.34548200,92130.34548200
2020-02-24,9936.40000000,9990.00000000,9473.56000000,9656.13000000,9936.40000000,9990.00000000,9473.56000000,9656.13000000,55796.59612000,55796.59612000
2020-02-22,9677.05000000,9709.17000000,9560.02000000,9650.86000000,9677.05000000,9709.17000000,9560.02000000,9650.86000000,24636.75762300,24636.75762300
2020-02-20,9594.65000000,9699.00000000,9400.00000000,9596.42000000,9594.65000000,9699.00000000,9400.00000000,9596.42000000,60152.34291400,60152.34291400
2020-02-18,9706.00000000,10250.00000000,9576.01000000,10164.71000000,9706.00000000,10250.00000000,9576.01000000,10164.71000000,70604.12401900,70604.12401900
2020-02-16,9904.46000000,10050.00000000,9638.12000000,9917.27000000,9904.46000000,10050.00000000,9638.12000000,9917.27000000,60023.99953700,60023.99953700
2020-02-14,10227.78000000,10381.56000000,10111.37000000,10344.36000000,10227.78000000,10381.56000000,10111.37000000,10344.36000000,47038.48017300,47038.48017300
2020-02-12,10223.08000000,10450.00000000,10223.08000000,10326.46000000,10223.08000000,10450.00000000,10223.08000000,10326.46000000,61008.06393000,61008.06393000
2020-02-10,10151.72000000,10188.00000000,9756.00000000,9851.83000000,10151.72000000,10188.00000000,9756.00000000,9851.83000000,59573.08461900,59573.08461900
2020-02-08,9813.87000000,9940.00000000,9667.11000000,9895.05000000,9813.87000000,9940.00000000,9667.11000000,9895.05000000,43600.84366600,43600.84366600
2020-02-06,9612.03000000,9862.57000000,9526.35000000,9772.00000000,9612.03000000,9862.57000000,9526.35000000,9772.00000000,64949.70658800,64949.70658800
2020-02-04,9291.35000000,9350.00000000,9093.01000000,9197.02000000,9291.35000000,9350.00000000,9093.01000000,9197.02000000,53308.17526600,53308.17526600
2020-02-02,9384.41000000,9477.03000000,9120.00000000,9331.51000000,9384.41000000,9477.03000000,9120.00000000,9331.51000000,45690.91254000,45690.91254000
2020-01-31,9511.52000000,9530.22000000,9210.01000000,9352.89000000,9511.52000000,9530.22000000,9210.01000000,9352.89000000,45552.02235200,45552.02235200
2020-01-29,9375.34000000,9449.24000000,9216.00000000,9301.53000000,9375.34000000,9449.24000000,9216.00000000,9301.53000000,53864.06512200,53864.06512200
2020-01-27,8614.39000000,9000.00000000,8535.00000000,8907.57000000,8614.39000000,9000.00000000,8535.00000000,8907.57000000,53973.54299600,53973.54299600
2020-01-25,8438.99000000,8451.26000000,8254.90000000,8340.58000000,8438.99000000,8451.26000000,8254.90000000,8340.58000000,25521.15793200,25521.15793200
2020-01-23,8682.77000000,8691.81000000,8306.39000000,8404.52000000,8682.77000000,8691.81000000,8306.39000000,8404.52000000,48165.94459700,48165.94459700
2020-01-21,8642.35000000,8789.00000000,8488.00000000,8736.03000000,8642.35000000,8789.00000000,8488.00000000,8736.03000000,36494.68765900,36494.68765900
2020-01-19,8915.09000000,9198.98000000,8466.00000000,8701.70000000,8915.09000000,9198.98000000,8466.00000000,8701.70000000,70676.88925900,70676.88925900
2020-01-17,8720.15000000,9041.65000000,8672.44000000,8913.28000000,8720.15000000,9041.65000000,8672.44000000,8913.28000000,70897.73737700,70897.73737700
2020-01-15,8814.64000000,8916.48000000,8564.00000000,8821.41000000,8814.64000000,8916.48000000,8564.00000000,8821.41000000,84816.29760600,84816.29760600
2020-01-13,8184.97000000,8196.00000000,8055.89000000,8110.34000000,8184.97000000,8196.00000000,8055.89000000,8110.34000000,31159.75568300,31159.75568300
2020-01-11,8198.86000000,8286.34000000,8003.16000000,8020.01000000,8198.86000000,8286.34000000,8003.16000000,8020.01000000,54810.03266700,54810.03266700
2020-01-09,8054.72000000,8055.96000000,7750.00000000,7817.76000000,8054.72000000,8055.96000000,7750.00000000,7817.76000000,64239.51983000,64239.51983000
2020-01-07,7758.90000000,8207.68000000,7723.71000000,8145.28000000,7758.90000000,8207.68000000,7723.71000000,8145.28000000,91171.68466100,91171.68466100
2020-01-05,7354.19000000,7495.00000000,7318.00000000,7358.75000000,7354.19000000,7495.00000000,7318.00000000,7358.75000000,38331.08560400,38331.08560400
2020-01-03,6965.49000000,7405.00000000,6871.04000000,7344.96000000,6965.49000000,7405.00000000,6871.04000000,7344.96000000,68428.50045100,68428.50045100
2020-01-01,7195.24000000,7255.00000000,7175.15000000,7200.85000000,7195.24000000,7255.00000000,7175.15000000,7200.85000000,16792.38816500,16792.38816500
2019-12-30,7388.43000000,7408.24000000,7220.00000000,7246.00000000,7388.43000000,7408.24000000,7220.00000000,7246.00000000,29605.91178200,29605.91178200
2019-12-28,7254.77000000,7365.01000000,7238.67000000,7316.14000000,7254.77000000,7365.01000000,7238.67000000,7316.14000000,26848.98219900,26848.98219900
2019-12-26,7205.01000000,7435.00000000,7157.12000000,7202.00000000,7205.01000000,7435.00000000,7157.12000000,7202.00000000,36259.76107600,36259.76107600
2019-12-24,7317.30000000,7436.68000000,7157.04000000,7255.77000000,7317.30000000,7436.68000000,7157.04000000,7255.77000000,43629.49418800,43629.49418800
2019-12-22,7131.59000000,7518.54000000,7122.47000000,7501.44000000,7131.59000000,7518.54000000,7122.47000000,7501.44000000,39137.45515000,39137.45515000
2019-12-20,7151.31000000,7220.00000000,7079.50000000,7187.83000000,7151.31000000,7220.00000000,7079.50000000,7187.83000000,32132.06920500,32132.06920500
2019-12-18,6623.84000000,7440.00000000,6435.00000000,7277.83000000,6623.84000000,7440.00000000,6435.00000000,7277.83000000,95636.65125100,95636.65125100
2019-12-16,7119.60000000,7150.00000000,6836.00000000,6891.72000000,7119.60000000,7150.00000000,6836.00000000,6891.72000000,43863.99305900,43863.99305900
2019-12-14,7257.37000000,7271.77000000,7012.00000000,7064.05000000,7257.37000000,7271.77000000,7012.00000000,7064.05000000,29561.98596700,29561.98596700
2019-12-12,7210.00000000,7295.00000000,7080.30000000,7198.08000000,7210.00000000,7295.00000000,7080.30000000,7198.08000000,42288.60093200,42288.60093200
2019-12-10,7338.64000000,7407.60000000,7157.10000000,7224.13000000,7338.64000000,7407.60000000,7157.10000000,7224.13000000,49723.76214000,49723.76214000
2019-12-08,7487.31000000,7564.00000000,7374.86000000,7510.11000000,7487.31000000,7564.00000000,7374.86000000,7510.11000000,29856.89763100,29856.89763100
2019-12-06,7389.00000000,7590.03000000,7305.00000000,7527.47000000,7389.00000000,7590.03000000,7305.00000000,7527.47000000,48189.08794400,48189.08794400
2019-12-04,7292.71000000,7750.00000000,7067.00000000,7194.32000000,7292.71000000,7750.00000000,7067.00000000,7194.32000000,83147.14914200,83147.14914200
2019-12-02,7391.50000000,7420.56000000,7151.10000000,7294.28000000,7391.50000000,7420.56000000,7151.10000000,7294.28000000,46330.25604000,46330.25604000
2019-11-30,7740.99000000,7810.00000000,7441.00000000,7541.89000000,7740.99000000,7810.00000000,7441.00000000,7541.89000000,46989.43361900,46989.43361900
2019-11-28,7507.90000000,7643.00000000,7360.00000000,7419.49000000,7507.90000000,7643.00000000,7360.00000000,7419.49000000,56933.98110900,56933.98110900
2019-11-26,7109.99000000,7340.00000000,7017.48000000,7156.14000000,7109.99000000,7340.00000000,7017.48000000,7156.14000000,65722.39769000,65722.39769000
2019-11-24,7311.10000000,7330.39000000,6861.00000000,6903.28000000,7311.10000000,7330.39000000,6861.00000000,6903.28000000,67890.20648300,67890.20648300
2019-11-22,7627.79000000,7750.00000000,6790.00000000,7268.23000000,7627.79000000,7750.00000000,6790.00000000,7268.23000000,126603.14025900,126603.14025900
2019-11-20,8133.83000000,8264.29000000,8038.40000000,8098.01000000,8133.83000000,8264.29000000,8038.40000000,8098.01000000,32466.23098000,32466.23098000
2019-11-18,8502.87000000,8503.52000000,8060.00000000,8187.17000000,8502.87000000,8503.52000000,8060.00000000,8187.17000000,43017.69094000,43017.69094000
2019-11-16,8471.62000000,8543.00000000,8400.00000000,8491.02000000,8471.62000000,8543.00000000,8400.00000000,8491.02000000,20902.29975200,20902.29975200
2019-11-14,8777.54000000,8800.00000000,8582.60000000,8646.68000000,8777.54000000,8800.00000000,8582.60000000,8646.68000000,33468.46896100,33468.46896100
2019-11-12,8733.36000000,8888.00000000,8567.60000000,8821.94000000,8733.36000000,8888.00000000,8567.60000000,8821.94000000,40366.62947100,40366.62947100
2019-11-10,8809.18000000,9147.19000000,8750.00000000,9039.47000000,8809.18000000,9147.19000000,8750.00000000,9039.47000000,34422.02979700,34422.02979700
2019-11-08,9214.00000000,9261.00000000,8696.00000000,8773.73000000,9214.00000000,9261.00000000,8696.00000000,8773.73000000,62107.28924300,62107.28924300
2019-11-06,9307.73000000,9440.91000000,9250.01000000,9339.05000000,9307.73000000,9440.91000000,9250.01000000,9339.05000000,37336.17037200,37336.17037200
2019-11-04,9196.46000000,9513.68000000,9115.84000000,9393.35000000,9196.46000000,9513.68000000,9115.84000000,9393.35000000,45894.45627700,45894.45627700
2019-11-02,9231.40000000,9373.74000000,9186.21000000,9289.52000000,9231.40000000,9373.74000000,9186.21000000,9289.52000000,28923.06082800,28923.06082800
2019-10-31,9154.02000000,9405.00000000,8913.00000000,9140.85000000,9154.02000000,9405.00000000,8913.00000000,9140.85000000,54376.02490200,54376.02490200
2019-10-29,9204.45000000,9550.00000000,9072.00000000,9407.62000000,9204.45000000,9550.00000000,9072.00000000,9407.62000000,64158.46244600,64158.46244600
2019-10-27,9230.00000000,9794.98000000,9074.34000000,9529.93000000,9230.00000000,9794.98000000,9074.34000000,9529.93000000,93833.54160400,93833.54160400
2019-10-25,7412.41000000,8799.00000000,7361.00000000,8655.02000000,7412.41000000,8799.00000000,7361.00000000,8655.02000000,90748.21817400,90748.21817400
2019-10-23,8020.06000000,8047.59000000,7300.00000000,7466.62000000,8020.06000000,8047.59000000,7300.00000000,7466.62000000,63897.45709800,63897.45709800
2019-10-21,8223.35000000,8333.00000000,8142.03000000,8197.27000000,8223.35000000,8333.00000000,8142.03000000,8197.27000000,30448.67953900,30448.67953900
2019-10-19,7946.89000000,8098.10000000,7866.92000000,7948.01000000,7946.89000000,8098.10000000,7866.92000000,7948.01000000,26627.88938800,26627.88938800
2019-10-17,7995.02000000,8124.92000000,7929.03000000,8070.58000000,7995.02000000,8124.92000000,7929.03000000,8070.58000000,29656.94915800,29656.94915800
2019-10-15,8346.86000000,8403.00000000,8090.00000000,8159.29000000,8346.86000000,8403.00000000,8090.00000000,8159.29000000,32773.06247600,32773.06247600
2019-10-13,8301.98000000,8451.37000000,8160.00000000,8275.01000000,8301.98000000,8451.37000000,8160.00000000,8275.01000000,27840.73995300,27840.73995300
2019-10-11,8557.82000000,8779.51000000,8212.38000000,8258.50000000,8557.82000000,8779.51000000,8212.38000000,8258.50000000,50405.28441800,50405.28441800
2019-10-09,8170.79000000,8670.00000000,8115.00000000,8560.74000000,8170.79000000,8670.00000000,8115.00000000,8560.74000000,55038.70437800,55038.70437800
2019-10-07,7855.30000000,8299.92000000,7762.00000000,8190.09000000,7855.30000000,8299.92000000,7762.00000000,8190.09000000,52202.07229700,52202.07229700
2019-10-05,8137.09000000,8183.41000000,8012.98000000,8126.19000000,8137.09000000,8183.41000000,8012.98000000,8126.19000000,21907.61556400,21907.61556400
2019-10-03,8360.00000000,8393.00000000,8060.00000000,8223.96000000,8360.00000000,8393.00000000,8060.00000000,8223.96000000,30488.28405800,30488.28405800
2019-10-01,8289.97000000,8500.00000000,8173.05000000,8292.44000000,8289.97000000,8500.00000000,8173.05000000,8292.44000000,43472.41809100,43472.41809100
2019-09-29,8199.38000000,8229.13000000,7890.00000000,8043.82000000,8199.38000000,8229.13000000,7890.00000000,8043.82000000,31544.21138800,31544.21138800
2019-09-27,8063.49000000,8265.00000000,7852.15000000,8177.91000000,8063.49000000,8265.00000000,7852.15000000,8177.91000000,43882.92462500,43882.92462500
2019-09-25,8497.55000000,8730.00000000,8215.64000000,8430.05000000,8497.55000000,8730.00000000,8215.64000000,8430.05000000,60783.89225800,60783.89225800
2019-09-23,10028.05000000,10049.99000000,9615.77000000,9702.25000000,10028.05000000,10049.99000000,9615.77000000,9702.25000000,31937.23235600,31937.23235600
2019-09-21,10167.92000000,10176.70000000,9900.00000000,9986.39000000,10167.92000000,10176.70000000,9900.00000000,9986.39000000,20544.17519600,20544.17519600
2019-09-19,10156.41000000,10325.00000000,9653.00000000,10244.29000000,10156.41000000,10325.00000000,9653.00000000,10244.29000000,44826.28257900,44826.28257900
2019-09-17,10249.68000000,10275.00000000,10128.01000000,10187.82000000,10249.68000000,10275.00000000,10128.01000000,10187.82000000,22914.32456300,22914.32456300
2019-09-15,10332.81000000,10360.00000000,10252.15000000,10302.01000000,10332.81000000,10360.00000000,10252.15000000,10302.01000000,18047.65401300,18047.65401300
2019-09-13,10415.01000000,10439.00000000,10153.00000000,10342.06000000,10415.01000000,10439.00000000,10153.00000000,10342.06000000,30280.33977600,30280.33977600
2019-09-11,10098.19000000,10293.00000000,9880.00000000,10158.33000000,10098.19000000,10293.00000000,9880.00000000,10158.33000000,31953.82456200,31953.82456200
2019-09-09,10381.24000000,10480.00000000,10068.50000000,10303.12000000,10381.24000000,10480.00000000,10068.50000000,10303.12000000,39835.72760800,39835.72760800
2019-09-07,10298.71000000,10558.00000000,10288.57000000,10455.88000000,10298.71000000,10558.00000000,10288.57000000,10455.88000000,27637.87739200,27637.87739200
2019-09-05,10565.92000000,10900.00000000,10450.00000000,10564.49000000,10565.92000000,10900.00000000,10450.00000000,10564.49000000,33970.96063900,33970.96063900
2019-09-03,10340.00000000,10773.00000000,10272.00000000,10615.28000000,10340.00000000,10773.00000000,10272.00000000,10615.28000000,47998.37678100,47998.37678100
2019-09-01,9588.74000000,9830.00000000,9520.00000000,9724.98000000,9588.74000000,9830.00000000,9520.00000000,9724.98000000,19545.40484300,19545.40484300
2019-08-30,9499.01000000,9696.00000000,9350.41000000,9584.54000000,9499.01000000,9696.00000000,9350.41000000,9584.54000000,26834.31810400,26834.31810400
2019-08-28,10185.69000000,10299.00000000,9601.01000000,9721.00000000,10185.69000000,10299.00000000,9601.01000000,9721.00000000,42110.55537500,42110.55537500
2019-08-26,10142.69000000,10604.00000000,10137.93000000,10372.25000000,10142.69000000,10604.00000000,10137.93000000,10372.25000000,41687.51159900,41687.51159900
2019-08-24,10388.16000000,10419.42000000,9890.00000000,10134.35000000,10388.16000000,10419.42000000,9890.00000000,10134.35000000,27692.45684400,27692.45684400
2019-08-22,10140.82000000,10242.00000000,9762.00000000,10099.88000000,10140.82000000,10242.00000000,9762.00000000,10099.88000000,34059.64273800,34059.64273800
2019-08-20,10914.73000000,10949.96000000,10560.00000000,10760.51000000,10914.73000000,10949.96000000,10560.00000000,10760.51000000,32298.92167900,32298.92167900
2019-08-18,10216.05000000,10500.00000000,10080.00000000,10306.78000000,10216.05000000,10500.00000000,10080.00000000,10306.78000000,24085.39517200,24085.39517200
2019-08-16,10296.77000000,10536.03000000,9750.00000000,10331.54000000,10296.77000000,10536.03000000,9750.00000000,10331.54000000,51758.14291800,51758.14291800
2019-08-14,10893.36000000,10897.48000000,9928.10000000,10050.37000000,10893.36000000,10897.48000000,9928.10000000,10050.37000000,54451.84749900,54451.84749900
2019-08-12,11539.08000000,11577.89000000,11235.32000000,11396.08000000,11539.08000000,11577.89000000,11235.32000000,11396.08000000,17568.22707500,17568.22707500
2019-08-10,11879.98000000,11985.00000000,11270.00000000,11309.31000000,11879.98000000,11985.00000000,11270.00000000,11309.31000000,42633.08704800,42633.08704800
2019-08-08,11975.04000000,12060.00000000,11521.00000000,11999.77000000,11975.04000000,12060.00000000,11521.00000000,11999.77000000,51207.25717400,51207.25717400
2019-08-06,11830.00000000,12330.70000000,11226.70000000,11481.69000000,11830.00000000,12330.70000000,11226.70000000,11481.69000000,76705.38987500,76705.38987500
2019-08-04,10816.86000000,11040.00000000,10552.00000000,10929.23000000,10816.86000000,11040.00000000,10552.00000000,10929.23000000,39924.74514100,39924.74514100
2019-08-02,10375.00000000,10670.00000000,10281.35000000,10523.75000000,10375.00000000,10670.00000000,10281.35000000,10523.75000000,42990.44422100,42990.44422100
2019-07-31,9575.00000000,10109.80000000,9555.00000000,10080.53000000,9575.00000000,10109.80000000,9555.00000000,10080.53000000,39515.35456000,39515.35456000
2019-07-29,9541.54000000,9729.00000000,9395.00000000,9507.64000000,9541.54000000,9729.00000000,9395.00000000,9507.64000000,29021.93741100,29021.93741100
2019-07-27,9824.00000000,10188.66000000,9333.00000000,9476.52000000,9824.00000000,10188.66000000,9333.00000000,9476.52000000,43809.77830100,43809.77830100
2019-07-25,9763.40000000,10175.00000000,9720.03000000,9879.87000000,9763.40000000,10175.00000000,9720.03000000,9879.87000000,37873.35472800,37873.35472800
2019-07-23,10343.08000000,10343.97000000,9822.00000000,9864.91000000,10343.08000000,10343.97000000,9822.00000000,9864.91000000,47624.37071000,47624.37071000
2019-07-21,10740.27000000,10817.90000000,10288.00000000,10589.45000000,10740.27000000,10817.90000000,10288.00000000,10589.45000000,38834.28793500,38834.28793500
2019-07-19,10628.64000000,10769.71000000,10121.84000000,10504.29000000,10628.64000000,10769.71000000,10121.84000000,10504.29000000,56546.93213300,56546.93213300
2019-07-17,9430.17000000,9957.00000000,9060.00000000,9667.92000000,9430.17000000,9957.00000000,9060.00000000,9667.92000000,84942.67271700,84942.67271700
2019-07-15,10174.18000000,11100.00000000,9860.00000000,10838.72000000,10174.18000000,11100.00000000,9860.00000000,10838.72000000,81922.42633200,81922.42633200
2019-07-13,11757.22000000,11799.98000000,10830.00000000,11355.76000000,11757.22000000,11799.98000000,10830.00000000,11355.76000000,54245.59454800,54245.59454800
2019-07-11,12108.11000000,12111.73000000,11000.00000000,11342.89000000,12108.11000000,12111.73000000,11000.00000000,11342.89000000,87506.46105800,87506.46105800
2019-07-09,12238.60000000,12794.73000000,12068.00000000,12543.41000000,12238.60000000,12794.73000000,12068.00000000,12543.41000000,78442.13034300,78442.13034300
2019-07-07,11256.45000000,11538.00000000,11094.37000000,11406.24000000,11256.45000000,11538.00000000,11094.37000000,11406.24000000,38884.79559900,38884.79559900
2019-07-05,11145.67000000,11406.83000000,10796.44000000,10970.73000000,11145.67000000,11406.83000000,10796.44000000,10970.73000000,63534.35058200,63534.35058200
2019-07-03,10844.98000000,11991.89000000,10841.04000000,11940.00000000,10844.98000000,11991.89000000,10841.04000000,11940.00000000,96815.90029000,96815.90029000
2019-07-01,10854.10000000,11282.28000000,10030.00000000,10624.93000000,10854.10000000,11282.28000000,10030.00000000,10624.93000000,90962.26827100,90962.26827100
2019-06-29,12407.06000000,12441.54000000,11475.02000000,11903.13000000,12407.06000000,12441.54000000,11475.02000000,11903.13000000,69642.07415700,69642.07415700
2019-06-27,13098.38000000,13478.04000000,10525.10000000,11329.99000000,13098.38000000,13478.04000000,10525.10000000,11329.99000000,173894.82088900,173894.82088900
2019-06-25,11056.59000000,11850.00000000,11026.00000000,11820.86000000,11056.59000000,11850.00000000,11026.00000000,11820.86000000,61276.68664800,61276.68664800
2019-06-23,10729.00000000,11392.64000000,10555.18000000,10906.07000000,10729.00000000,11392.64000000,10555.18000000,10906.07000000,57445.32394500,57445.32394500
2019-06-21,9518.06000000,10174.99000000,9518.06000000,10159.86000000,9518.06000000,10174.99000000,9518.06000000,10159.86000000,50484.41589200,50484.41589200
2019-06-19,9081.97000000,9304.00000000,8960.00000000,9255.49000000,9081.97000000,9304.00000000,8960.00000000,9255.49000000,32147.70649500,32147.70649500
2019-06-17,8953.00000000,9444.00000000,8950.00000000,9313.96000000,8953.00000000,9444.00000000,8950.00000000,9313.96000000,47895.48537400,47895.48537400
2019-06-15,8650.88000000,8864.99000000,8567.63000000,8808.70000000,8650.88000000,8864.99000000,8567.63000000,8808.70000000,31791.63603900,31791.63603900
2019-06-13,8127.64000000,8309.82000000,8010.03000000,8218.54000000,8127.64000000,8309.82000000,8010.03000000,8218.54000000,30467.76434100,30467.76434100
2019-06-11,7981.00000000,8010.00000000,7692.23000000,7884.90000000,7981.00000000,8010.00000000,7692.23000000,7884.90000000,30334.99942700,30334.99942700
2019-06-09,7895.28000000,7935.00000000,7506.66000000,7628.13000000,7895.28000000,7935.00000000,7506.66000000,7628.13000000,31568.46515700,31568.46515700
2019-06-07,7787.57000000,8100.00000000,7737.49000000,7980.53000000,7787.57000000,8100.00000000,7737.49000000,7980.53000000,33942.22565800,33942.22565800
2019-06-05,7687.04000000,7896.70000000,7572.78000000,7776.50000000,7687.04000000,7896.70000000,7572.78000000,7776.50000000,48679.65645500,48679.65645500
2019-06-03,8726.00000000,8800.95000000,8080.80000000,8115.82000000,8726.00000000,8800.95000000,8080.80000000,8115.82000000,45692.96510400,45692.96510400
2019-06-01,8555.00000000,8626.00000000,8442.36000000,8544.07000000,8555.00000000,8626.00000000,8442.36000000,8544.07000000,31868.23415700,31868.23415700
2019-05-30,8646.50000000,9074.26000000,8005.00000000,8269.54000000,8646.50000000,9074.26000000,8005.00000000,8269.54000000,70379.99852100,70379.99852100
2019-05-28,8752.52000000,8798.49000000,8510.63000000,8715.64000000,8752.52000000,8798.49000000,8510.63000000,8715.64000000,31470.55153400,31470.55153400
2019-05-26,8023.00000000,8740.00000000,7833.42000000,8614.43000000,8023.00000000,8740.00000000,7833.42000000,8614.43000000,49652.14456700,49652.14456700
2019-05-24,7849.95000000,8130.00000000,7766.00000000,7964.87000000,7849.95000000,8130.00000000,7766.00000000,7964.87000000,46664.78532500,46664.78532500
2019-05-22,7904.48000000,8016.00000000,7465.00000000,7628.43000000,7904.48000000,8016.00000000,7465.00000000,7628.43000000,49136.99458900,49136.99458900
2019-05-20,8147.94000000,8156.03000000,7553.00000000,7938.15000000,8147.94000000,8156.03000000,7553.00000000,7938.15000000,65859.20856400,65859.20856400
2019-05-18,7355.28000000,7458.00000000,7156.61000000,7257.45000000,7355.28000000,7458.00000000,7156.61000000,7257.45000000,37054.94477900,37054.94477900
2019-05-16,8169.08000000,8320.00000000,7705.00000000,7866.59000000,8169.08000000,8320.00000000,7705.00000000,7866.59000000,69630.51399600,69630.51399600
2019-05-14,7795.62000000,8366.00000000,7599.56000000,7947.56000000,7795.62000000,8366.00000000,7599.56000000,7947.56000000,76583.72260300,76583.72260300
2019-05-12,7076.24000000,7521.78000000,6750.00000000,6967.31000000,7076.24000000,7521.78000000,6750.00000000,6967.31000000,86948.97533900,86948.97533900
2019-05-10,6209.95000000,6468.92000000,6172.00000000,6373.33000000,6209.95000000,6468.92000000,6172.00000000,6373.33000000,36623.61079000,36623.61079000
2019-05-08,5846.34000000,6014.72000000,5772.20000000,5987.29000000,5846.34000000,6014.72000000,5772.20000000,5987.29000000,23074.05152000,23074.05152000
2019-05-06,5773.18000000,5805.00000000,5619.14000000,5747.79000000,5773.18000000,5805.00000000,5619.14000000,5747.79000000,25256.59632500,25256.59632500
2019-05-04,5770.62000000,5900.00000000,5587.45000000,5829.45000000,5770.62000000,5900.00000000,5587.45000000,5829.45000000,39682.40899100,39682.40899100
2019-05-02,5383.20000000,5538.00000000,5370.00000000,5492.87000000,5383.20000000,5538.00000000,5370.00000000,5492.87000000,22795.78783500,22795.78783500
2019-04-30,5238.14000000,5339.98000000,5192.15000000,5320.81000000,5238.14000000,5339.98000000,5192.15000000,5320.81000000,22238.06823000,22238.06823000
2019-04-28,5295.69000000,5340.00000000,5259.48000000,5307.52000000,5295.69000000,5340.00000000,5259.48000000,5307.52000000,14371.43386900,14371.43386900
2019-04-26,5220.47000000,5510.00000000,5161.62000000,5314.10000000,5220.47000000,5510.00000000,5161.62000000,5314.10000000,48912.29451300,48912.29451300
2019-04-24,5490.91000000,5582.20000000,5333.35000000,5415.00000000,5490.91000000,5582.20000000,5333.35000000,5415.00000000,48224.15241300,48224.15241300
2019-04-22,5257.41000000,5400.00000000,5208.35000000,5357.14000000,5257.41000000,5400.00000000,5208.35000000,5357.14000000,29563.85230900,29563.85230900
2019-04-20,5258.68000000,5333.42000000,5230.10000000,5291.73000000,5258.68000000,5333.42000000,5230.10000000,5291.73000000,19168.90827400,19168.90827400
2019-04-18,5202.41000000,5287.00000000,5198.80000000,5258.44000000,5202.41000000,5287.00000000,5198.80000000,5258.44000000,22619.23900100,22619.23900100
2019-04-16,5024.95000000,5197.72000000,5003.94000000,5173.72000000,5024.95000000,5197.72000000,5003.94000000,5173.72000000,24242.22949300,24242.22949300
2019-04-14,5047.45000000,5152.99000000,5000.00000000,5131.30000000,5047.45000000,5152.99000000,5000.00000000,5131.30000000,18281.60773900,18281.60773900
2019-04-12,5017.37000000,5080.58000000,4861.22000000,5048.01000000,5017.37000000,5080.58000000,4861.22000000,5048.01000000,33276.67861400,33276.67861400
2019-04-10,5150.00000000,5422.00000000,5135.00000000,5308.25000000,5150.00000000,5422.00000000,5135.00000000,5308.25000000,40073.62047100,40073.62047100
2019-04-08,5170.27000000,5305.00000000,5039.00000000,5236.90000000,5170.27000000,5305.00000000,5039.00000000,5236.90000000,50178.43078200,50178.43078200
2019-04-06,5004.96000000,5205.00000000,4928.59000000,5043.89000000,5004.96000000,5205.00000000,4928.59000000,5043.89000000,41770.84231300,41770.84231300
2019-04-04,4932.59000000,5039.08000000,4777.00000000,4898.66000000,4932.59000000,5039.08000000,4777.00000000,4898.66000000,61054.25416800,61054.25416800
2019-04-02,4144.54000000,4897.99000000,4140.54000000,4857.29000000,4144.54000000,4897.99000000,4140.54000000,4857.29000000,105383.63926300,105383.63926300
2019-03-31,4106.99000000,4116.12000000,4082.57000000,4103.95000000,4106.99000000,4116.12000000,4082.57000000,4103.95000000,13525.08743300,13525.08743300
2019-03-29,4028.22000000,4123.71000000,4024.03000000,4103.25000000,4028.22000000,4123.71000000,4024.03000000,4103.25000000,30084.21744400,30084.21744400
2019-03-27,3948.77000000,4048.00000000,3936.15000000,4038.05000000,3948.77000000,4048.00000000,3936.15000000,4038.05000000,32364.55585200,32364.55585200
2019-03-25,3991.35000000,3999.30000000,3888.71000000,3936.12000000,3991.35000000,3999.30000000,3888.71000000,3936.12000000,33192.89021700,33192.89021700
2019-03-23,3987.89000000,4018.83000000,3978.01000000,4006.01000000,3987.89000000,4018.83000000,3978.01000000,4006.01000000,17302.60431800,17302.60431800
2019-03-21,4043.04000000,4069.32000000,3880.01000000,3980.64000000,4043.04000000,4069.32000000,3880.01000000,3980.64000000,35997.68211900,35997.68211900
2019-03-19,3987.83000000,4031.00000000,3970.00000000,4015.53000000,3987.83000000,4031.00000000,3970.00000000,4015.53000000,19893.74181500,19893.74181500
2019-03-17,4005.98000000,4012.00000000,3950.01000000,3981.14000000,4005.98000000,4012.00000000,3950.01000000,3981.14000000,18814.25557700,18814.25557700
2019-03-15,3877.12000000,3939.22000000,3872.20000000,3923.76000000,3877.12000000,3939.22000000,3872.20000000,3923.76000000,21740.06149800,21740.06149800
2019-03-13,3882.69000000,3893.56000000,3840.00000000,3866.00000000,3882.69000000,3893.56000000,3840.00000000,3866.00000000,24461.00875700,24461.00875700
2019-03-11,3915.99000000,3936.98000000,3830.00000000,3871.61000000,3915.99000000,3936.98000000,3830.00000000,3871.61000000,38066.88570500,38066.88570500
2019-03-09,3864.88000000,3971.75000000,3854.75000000,3943.04000000,3864.88000000,3971.75000000,3854.75000000,3943.04000000,30979.74765300,30979.74765300
2019-03-07,3861.84000000,3905.40000000,3840.40000000,3873.64000000,3861.84000000,3905.40000000,3840.40000000,3873.64000000,26455.25766100,26455.25766100
2019-03-05,3716.10000000,3877.10000000,3703.55000000,3857.73000000,3716.10000000,3877.10000000,3703.55000000,3857.73000000,32962.53616200,32962.53616200
2019-03-03,3819.97000000,3835.00000000,3781.32000000,3807.75000000,3819.97000000,3835.00000000,3781.32000000,3807.75000000,16718.16541000,16718.16541000
2019-03-01,3814.26000000,3857.00000000,3813.01000000,3823.00000000,3814.26000000,3857.00000000,3813.01000000,3823.00000000,23174.57217000,23174.57217000
2019-02-27,3809.31000000,3838.85000000,3677.17000000,3818.07000000,3809.31000000,3838.85000000,3677.17000000,3818.07000000,31500.99546600,31500.99546600
2019-02-25,3743.56000000,3872.66000000,3740.00000000,3827.92000000,3743.56000000,3872.66000000,3740.00000000,3827.92000000,38102.96624500,38102.96624500
2019-02-23,3962.00000000,4162.02000000,3933.15000000,4117.76000000,3962.00000000,4162.02000000,3933.15000000,4117.76000000,33657.94288300,33657.94288300
